1,Elyse,Charpling,Honorable,Female,2/24/1946,Professor,31291.64,2565
2,Ogden,Venediktov,Mrs,Male,12/27/1964,Recruiter,7099.84,2488
3,Desiree,Bolmann,Mr,Female,12/20/1975,Accountant,44752.79,2474
4,Marinna,Dugue,Mr,Female,8/12/1985,Professor,20385.97,4315
5,Emory,Gather,Mrs,Male,5/7/1971,Lawyer,27542.11,3936
6,Gualterio,Emor,Dr,Male,5/23/1976,Environmental Tech,4813.27,1192
7,Beck,Pitchford,Dr,Male,6/27/1945,Social Worker,18523.38,1441
8,Alma,Belt,Ms,Female,3/22/2003,Registered Doctor,24075.08,1659
9,Fraser,Benini,Mrs,Male,2/18/1957,Engineer III,44001.49,641
10,Carmelina,Bouldstridge,Ms,Female,12/22/1974,Assistant Media Planner,2743.2,2716
11,Maryann,Blasik,Honorable,Female,4/5/1969,Senior Financial Analyst,13334.54,4725
12,Westbrooke,Wallett,Honorable,Male,7/11/1963,Software Test Engineer I,41367.54,1922
13,Sibley,Jellyman,Honorable,Female,8/30/1989,Accounting Assistant I,-4700.34,1540
14,Rickie,Maraga,Ms,Male,8/2/1983,Automation Specialist III,42759.84,1144
15,Norma,Tertre,Honorable,Bigender,10/9/1956,VP Quality Control,24555.87,4984
16,Daron,Fibbitts,Rev,Male,7/10/1944,Assistant Media Planner,31653.59,2297
17,Kimble,Dennidge,Ms,Male,10/5/1955,VP Marketing,21738.63,3002
18,Erinna,Pesterfield,Ms,Female,1/27/1991,VP Marketing,-1928.27,3675
19,Sharona,McGovern,Ms,Female,9/12/2000,Occupational Therapist,32867.89,2441
20,Claudette,Carpenter,Mr,Female,3/6/1987,VP Marketing,13291.25,1680
21,Claudette,Lorenc,Dr,Female,10/5/1965,Software Consultant,30231.61,4708
22,Artemis,Heinecke,Mr,Genderfluid,6/23/1982,Help Desk Operator,31167.82,4967
23,Eb,Redington,Ms,Male,4/18/1987,Speech Pathologist,-7857.55,4954
24,Fanechka,Renhard,Ms,Female,11/16/1977,Desktop Support Technician,-2529.42,715
25,Gerik,Lacheze,Mrs,Male,7/23/1956,Human Resources Manager,-8496.15,4457
26,Rod,Mee,Rev,Male,4/22/1949,Web Developer III,-4484.4,4847
27,Muhammad,Livesay,Ms,Male,9/23/2000,Business Systems Development Analyst,14747.02,4423
28,Lowell,Edworthye,Honorable,Non-binary,8/30/2001,VP Sales,30156.58,4655
29,Rosalind,Duchateau,Mrs,Female,8/21/1957,Assistant Manager,19596.38,1129
30,Britteny,Gerlts,Dr,Female,12/21/1969,GIS Technical Architect,-1294.63,3310
31,Arman,Strothers,Ms,Male,7/6/2004,Nurse Practicioner,33135.61,4943
32,Maurizia,Hargerie,Rev,Female,9/29/2003,Product Engineer,-3702.96,701
33,Milo,Wedlake,Ms,Male,1/19/1983,Senior Cost Accountant,38532.54,3931
34,Annecorinne,Slator,Ms,Non-binary,2/3/1998,Research Nurse,-2697.89,1406
35,Farrel,Wikey,Rev,Male,11/3/1996,Assistant Manager,4548.59,4988
36,Hymie,Addess,Rev,Male,3/8/1996,Computer Systems Analyst III,35017.45,1611
37,Hardy,Perham,Rev,Male,6/28/1978,Recruiting Manager,4925.03,2518
38,Roma,Mays,Mrs,Male,11/5/1952,Assistant Media Planner,29788.76,3398
39,Bastian,Andriolli,Rev,Male,1/15/1985,Desktop Support Technician,17556.55,3746
40,Frans,Buten,Mr,Male,4/10/1980,Staff Accountant I,-3340.4,3466
41,Louisa,Boulds,Honorable,Female,6/29/1998,Actuary,-7050.92,3027
42,Yancy,Vouls,Mr,Male,3/11/1953,Analog Circuit Design manager,15.1,2904
43,Leena,MacKnocker,Honorable,Female,1/14/1948,Statistician IV,13613.83,3546
44,Sharia,Lince,Ms,Female,11/2/1955,Senior Sales Associate,42558.16,1234
45,Meredith,Piddle,Dr,Male,7/20/1946,Product Engineer,9129.14,3892
46,Kimble,Ridout,Rev,Bigender,9/18/1954,Electrical Engineer,34542.24,2501
47,Marice,Berens,Dr,Female,1/23/1999,Junior Executive,29802.31,2446
48,Ezri,Brosoli,Dr,Male,6/20/1943,Research Nurse,25819.01,4578
49,Symon,Rebillard,Mr,Male,4/7/1991,Technical Writer,12309.39,705
50,Rafaellle,Hills,Mr,Male,8/17/1977,Biostatistician I,-3599.04,4377
51,Elyse,Cleobury,Mr,Female,5/26/1951,Junior Executive,40192.19,3876
52,Gretchen,McCague,Rev,Female,1/27/1983,Paralegal,-2895.67,2506
53,Ezmeralda,Soltan,Dr,Female,11/2/1972,Chief Design Engineer,4709.68,3849
54,Mattias,Durston,Ms,Male,3/1/1978,Computer Systems Analyst I,13897.68,1906
55,Althea,Ellams,Mr,Female,1/6/1950,Senior Financial Analyst,2982.71,1278
56,Dahlia,Sherebrook,Honorable,Non-binary,10/26/1996,Professor,9744.22,3828
57,Maggie,Singh,Ms,Female,11/2/1989,Programmer Analyst III,33108.38,4543
58,Bette,Eidelman,Dr,Female,2/13/1945,Technical Writer,39643.12,3553
59,Shelli,Cufflin,Mrs,Female,9/14/1947,Geological Engineer,41282.54,2554
60,Abbi,Cattach,Ms,Female,11/25/1973,VP Sales,17290.07,2376
61,Erhart,Stebbing,Mr,Male,3/8/1959,Health Coach I,16779.21,4179
62,Libby,Carrol,Honorable,Female,8/29/1956,Recruiter,32033.21,4489
63,Chaddie,Kingescot,Rev,Bigender,6/27/1984,Environmental Specialist,-4863.45,735
64,Poppy,Novotna,Mr,Female,4/14/1970,Help Desk Operator,49300.21,4904
65,Xena,Charrisson,Dr,Female,3/6/1987,Product Engineer,32119.46,1671
66,Drugi,Skellington,Rev,Male,2/18/1992,Sales Associate,22964.34,532
67,Ilise,MacGibbon,Dr,Female,2/5/1958,Account Executive,48386.8,560
68,Clerkclaude,Roseman,Mrs,Non-binary,11/18/1996,Chief Design Engineer,7314.07,3210
69,Jeane,Moncrefe,Dr,Female,9/12/1981,Dental Hygienist,4930.63,720
70,Mikkel,Flacke,Rev,Male,7/25/1979,Web Designer II,12623.99,3770
71,Ev,Mullender,Rev,Male,8/16/1978,Director of Sales,11060.73,1461
72,Albert,Farfolomeev,Ms,Male,3/15/1976,Civil Engineer,31277.96,3546
73,Lucias,Janicek,Ms,Male,5/29/1945,VP Sales,36603.97,3645
74,Elita,Diter,Honorable,Female,10/14/1990,Recruiter,-7978.4,979
75,Robinetta,Raiment,Dr,Female,2/5/2003,Legal Assistant,-3748.73,2931
76,Hamel,Beszant,Mrs,Male,7/17/1988,Sales Associate,17639.3,3279
77,Lucio,Bowe,Ms,Male,8/10/1961,Data Coordiator,19222.05,4645
78,Willy,Gajewski,Ms,Agender,1/20/1994,Database Administrator IV,38926.58,1120
79,Barret,Jayme,Ms,Male,10/31/1983,Cost Accountant,49425.53,3098
80,Orion,Bulfoot,Mrs,Male,5/6/1972,Sales Associate,16514.51,2721
81,Jolene,McPhelimy,Mr,Female,11/8/1957,Research Nurse,11602.21,4011
82,Jonis,Studd,Mrs,Female,8/24/1978,Desktop Support Technician,42978.88,1216
83,Karmen,Aiskrigg,Mrs,Non-binary,8/3/1962,Actuary,45672.5,1624
84,Mozes,Jeratt,Mrs,Male,7/1/1992,Technical Writer,26901.21,4738
85,Dougie,Flatte,Mr,Male,3/30/1948,Clinical Specialist,31415.35,1516
86,Salvidor,Ericsson,Mrs,Male,2/23/2000,Analyst Programmer,33873.56,1705
87,Delmer,Squibbes,Ms,Male,7/31/1983,GIS Technical Architect,1365.74,4295
88,Tadio,Grzegorecki,Rev,Male,1/4/1987,Marketing Manager,27411.61,4989
89,Pat,Muckian,Dr,Female,2/18/1999,Human Resources Manager,-7249.42,1007
90,Nefen,Geraudel,Rev,Male,8/3/1959,Director of Sales,49875.14,4949
91,Hayden,Brendel,Mrs,Male,9/17/1947,Chief Design Engineer,18519.28,1542
92,Lynna,Crisp,Rev,Female,5/16/1961,Human Resources Manager,43030.29,2318
93,Ricki,Flannery,Dr,Male,11/15/1952,Librarian,38613.92,1708
94,Amy,Seager,Ms,12/18/2003,Teacher,300,4000
95,Samuel,Coulthard,Hon,4/18/2004,Travel Agent,70,832,400
96,Faaris,Malik,Dr,Male,1/21/2004,Prime Minister,-2020,3000
97,Catherine,Tan,Rev,Female,13/02/2004,Dancer,49433,5000
98,Tanisha,Patel,Mrs,1/12/2003,Chemist,34869,2000
99,Maddie,Hunter,Dr,Female,10/12/2002,Lawyer,40001,3000
100,Edward,Thompson,Master,Male,12/6/1941,Baker,-400,300